{
  "channel_name": "Surround Back Right",
  "channel_num": 3,
  "original_length": 65536,
  "truncated_length": 16321,
  "discarded_length": 49215,
  "sample_rate": 48000,
  "first_coefficient": 0.9983739256858826,
  "time_domain": {
    "max_coeff": 0.9983739256858826,
    "truncated_max": 0.9983739256858826,
    "discarded_max": 3.4566689919302007e-06,
    "discarded_energy_percent": 1.7212981249294521e-06,
    "first_16k_identical": true
  },
  "frequency_domain": {
    "original_bins": 32768,
    "truncated_bins": 8160,
    "original_resolution_hz": 0.732421875,
    "truncated_resolution_hz": 2.9409962624839165,
    "max_difference_db": 0.26112161599339423,
    "mean_difference_db": 0.00021666718047931655,
    "rms_difference_db": 0.00303090730012692,
    "difference_by_band": {
      "Sub-bass (20-60 Hz)": {
        "max": 0.26112161599339423,
        "mean": 0.03406873093856991,
        "rms": 0.06877155899227454
      },
      "Bass (60-250 Hz)": {
        "max": 0.04094033506748396,
        "mean": 0.008726107357295773,
        "rms": 0.012276855859113742
      },
      "Low-mid (250-500 Hz)": {
        "max": 0.009570222191162436,
        "mean": 0.0023721200385641,
        "rms": 0.0031913029486620712
      },
      "Mid (500-2k Hz)": {
        "max": 0.007172401675570761,
        "mean": 0.0006395421213345974,
        "rms": 0.001099707665657827
      },
      "High-mid (2k-6k Hz)": {
        "max": 0.003493377275688214,
        "mean": 9.358706545654543e-05,
        "rms": 0.00026399473002295483
      },
      "High (6k-12k Hz)": {
        "max": 0.0013466139522071707,
        "mean": 2.3653300903890057e-05,
        "rms": 7.303826156662562e-05
      },
      "Very high (12k-20k Hz)": {
        "max": 0.0009180759912806868,
        "mean": 1.1483930478543292e-05,
        "rms": 2.7414823872609016e-05
      }
    }
  },
  "energy_analysis": {
    "50_percent_at_sample": 0,
    "90_percent_at_sample": 1,
    "95_percent_at_sample": 1,
    "99_percent_at_sample": 7,
    "99.9_percent_at_sample": 257,
    "99.99_percent_at_sample": 1707
  }
}