{
  "channel_name": "Front Left",
  "channel_num": 0,
  "original_length": 65536,
  "truncated_length": 16321,
  "discarded_length": 49215,
  "sample_rate": 48000,
  "first_coefficient": 1.1982295513153076,
  "time_domain": {
    "max_coeff": 1.1982295513153076,
    "truncated_max": 1.1982295513153076,
    "discarded_max": 1.6863111795828445e-06,
    "discarded_energy_percent": 2.292587447961e-07,
    "first_16k_identical": true
  },
  "frequency_domain": {
    "original_bins": 32768,
    "truncated_bins": 8160,
    "original_resolution_hz": 0.732421875,
    "truncated_resolution_hz": 2.9409962624839165,
    "max_difference_db": 0.07521607833211019,
    "mean_difference_db": 0.0001929243037386786,
    "rms_difference_db": 0.0015660242491657257,
    "difference_by_band": {
      "Sub-bass (20-60 Hz)": {
        "max": 0.07521607833211019,
        "mean": 0.00958017615709068,
        "rms": 0.019852186340658644
      },
      "Bass (60-250 Hz)": {
        "max": 0.06625084150742566,
        "mean": 0.00897335660610853,
        "rms": 0.013580967330767307
      },
      "Low-mid (250-500 Hz)": {
        "max": 0.014963766351809848,
        "mean": 0.0035546595605785414,
        "rms": 0.004645607370939899
      },
      "Mid (500-2k Hz)": {
        "max": 0.009112677011941295,
        "mean": 0.000685143632613322,
        "rms": 0.001259990057493699
      },
      "High-mid (2k-6k Hz)": {
        "max": 0.003159094829425335,
        "mean": 9.933305301151326e-05,
        "rms": 0.00027565857692819475
      },
      "High (6k-12k Hz)": {
        "max": 0.0016462712952081127,
        "mean": 2.2908487853216058e-05,
        "rms": 8.42289733987694e-05
      },
      "Very high (12k-20k Hz)": {
        "max": 0.0011787153884995627,
        "mean": 7.880543664037289e-06,
        "rms": 3.16450249476202e-05
      }
    }
  },
  "energy_analysis": {
    "50_percent_at_sample": 0,
    "90_percent_at_sample": 0,
    "95_percent_at_sample": 0,
    "99_percent_at_sample": 6,
    "99.9_percent_at_sample": 87,
    "99.99_percent_at_sample": 723
  }
}