{
  "oca": {
    "length": 16321,
    "first": 0.7202777210607757,
    "min": -0.0022820463640489765,
    "max": 0.7202777210607757,
    "mean": 4.423425580897669e-05,
    "std": 0.005641694156986495
  },
  "mqx": {
    "length": 16384,
    "first": -8.702681952854618e-06,
    "min": -0.19617412984371185,
    "max": 0.09986723959445953,
    "mean": 8.433674754757133e-07,
    "std": 0.00363754795887137,
    "channel": "Small"
  }
}